participant,iEvent,eScorePair,eScoreEvent,eScoreDetail,beCount,bpCount,weCount
1,1,38,14,45,7,6,6
1,2,19,11,19,5,3,6
1,3,22,22,22,4,6,4
1,4,11,10,8,4,3,1
1,5,14,2,7,6,3,1
1,6,22,16,23,6,5,0
1,7,4,11,6,1,3,3
1,8,25,11,11,5,5,5
1,9,18,9,20,2,4,3
1,10,21,10,11,3,6,7
1,11,30,24,28,4,7,4
1,12,20,15,5,2,5,3
1,13,30,20,27,5,4,6
1,14,25,20,30,3,7,4
1,15,14,9,8,3,3,1
1,16,16,2,11,1,4,3
1,17,10,4,9,2,3,1
1,18,16,6,6,7,5,0
1,19,27,29,29,2,6,10
1,20,26,19,28,2,5,7
1,21,16,16,20,3,4,4
1,22,20,1,6,3,5,2
1,23,16,26,37,6,4,7
1,24,32,2,28,6,6,4
1,25,13,11,19,4,4,2
1,26,38,22,45,3,6,10
1,27,14,18,19,3,4,2
1,28,22,20,23,4,5,2
1,29,27,12,29,4,4,11
1,30,12,14,18,5,4,3
1,31,18,1,10,4,3,2
1,32,2,5,2,0,2,1
1,33,4,5,4,1,1,2
1,34,24,26,33,4,6,5
1,35,20,11,13,3,5,2
1,36,16,15,13,2,3,3
1,37,18,9,18,3,3,3
1,38,10,5,12,0,4,1
1,39,20,4,2,4,4,3
1,40,16,8,4,0,5,4
1,41,7,10,9,0,4,1
1,42,26,15,20,1,4,8
1,43,29,25,13,5,3,8
1,44,8,7,9,0,3,2
1,45,26,8,19,4,3,6
1,46,18,24,30,5,5,8
1,47,8,0,5,1,1,2
1,48,16,20,24,3,5,3
1,49,18,15,19,3,3,3
1,50,32,4,10,5,5,9
1,51,6,9,8,2,3,0
1,52,42,30,45,10,6,8
1,53,25,24,49,5,4,11
1,54,13,12,3,1,2,8
1,55,14,12,10,3,4,2
1,56,20,20,19,5,6,9
1,57,21,27,31,5,4,5
1,58,22,21,9,3,4,4
1,59,19,11,18,4,6,1
1,60,16,8,2,4,6,6
2,1,41,50,33,8,7,10
2,2,54,48,93,7,6,14
2,3,43,29,56,6,5,15
2,4,54,34,88,9,5,13
2,5,54,28,59,9,4,14
2,6,36,11,47,9,9,6
2,7,52,23,49,5,7,16
2,8,36,6,21,6,3,9
2,9,54,27,44,10,6,11
2,10,60,30,75,9,4,17
2,11,47,31,34,6,6,15
2,12,44,39,52,3,3,19
2,13,58,18,35,7,9,13
2,14,46,40,72,10,4,9
2,15,54,32,32,9,4,14
2,16,60,33,78,7,8,15
2,17,37,21,49,8,6,11
2,18,36,46,58,6,8,9
2,19,38,51,46,7,7,14
2,20,45,12,34,3,8,13
2,21,42,34,57,4,5,14
2,22,27,14,25,6,6,8
2,23,16,36,52,6,7,16
2,24,48,42,51,11,5,13
2,25,29,37,33,5,7,9
2,26,36,30,33,6,10,8
2,27,28,22,34,4,10,14
2,28,41,38,35,5,9,15
2,29,25,44,45,3,10,14
2,30,50,23,43,6,6,13
2,31,36,22,53,7,6,5
2,32,26,26,36,2,6,5
2,33,46,35,52,3,9,11
2,34,46,24,47,4,6,13
2,35,46,42,72,5,4,14
2,36,60,43,64,6,9,15
2,37,36,24,11,1,9,8
2,38,44,22,34,4,6,12
2,39,36,36,38,2,9,7
2,40,38,0,32,3,8,10
2,41,54,19,57,6,6,15
2,42,38,44,54,4,6,12
2,43,26,31,26,3,9,6
2,44,42,56,68,4,9,15
2,45,30,18,28,1,8,6
2,46,40,40,20,7,7,6
2,47,37,33,70,4,8,16
2,48,25,31,31,3,7,10
2,49,13,13,8,4,5,12
2,50,54,35,44,3,8,16
2,51,40,20,25,5,7,8
2,52,66,40,55,9,11,13
2,53,28,27,24,3,6,7
2,54,41,38,59,4,8,17
2,55,49,29,54,4,14,11
2,56,42,34,26,0,7,14
2,57,27,22,30,3,7,8
2,58,34,17,20,5,8,4
2,59,23,23,35,4,8,11
2,60,31,22,27,7,7,8
3,1,21,36,45,6,4,11
3,2,42,22,32,7,5,9
3,3,27,32,41,11,7,9
3,4,26,20,28,3,9,3
3,5,27,11,21,6,4,8
3,6,29,27,21,4,6,8
3,7,32,8,20,4,6,6
3,8,24,18,22,4,6,4
3,9,30,24,44,4,5,6
3,10,18,19,16,3,6,6
3,11,36,36,42,6,3,9
3,12,38,38,40,6,6,7
3,13,21,32,42,4,9,8
3,14,31,34,33,7,6,10
3,15,25,26,33,11,8,7
3,16,38,22,40,4,10,5
3,17,22,14,19,4,5,4
3,18,40,20,35,5,9,6
3,19,34,24,52,4,6,7
3,20,41,40,70,9,8,7
3,21,39,29,51,8,5,9
3,22,48,33,81,12,5,10
3,23,32,28,53,3,7,6
3,24,34,34,12,5,3,9
3,25,36,36,48,2,5,11
3,26,42,31,52,4,7,10
3,27,36,31,46,5,10,3
3,28,48,44,56,10,7,7
3,29,46,46,53,5,7,11
3,30,34,23,48,6,5,6
3,31,38,38,47,3,11,5
3,32,36,36,36,5,8,5
3,33,30,35,18,4,10,7
3,34,22,21,19,5,6,6
3,35,21,45,37,8,10,8
3,36,36,35,39,10,8,5
3,37,39,40,63,5,3,15
3,38,16,29,20,7,9,3
3,39,42,18,54,12,7,5
3,40,40,27,52,5,8,7
3,41,38,9,19,6,6,7
3,42,46,11,48,6,6,11
3,43,44,23,45,9,9,4
3,44,42,23,33,5,4,12
3,45,31,23,27,9,4,8
3,46,23,16,24,3,5,5
3,47,24,32,36,6,5,5
3,48,34,24,32,5,9,6
3,49,20,19,28,5,5,5
3,50,44,24,49,5,7,12
3,51,48,30,64,5,6,13
3,52,42,26,33,10,7,4
3,53,40,27,38,7,4,9
3,54,44,20,46,8,7,7
3,55,36,28,43,6,9,3
3,56,44,35,51,8,7,7
3,57,30,14,13,1,9,5
3,58,34,31,24,7,5,5
3,59,25,25,30,4,8,3
3,60,38,46,32,9,6,8
4,1,28,17,25,5,7,5
4,2,29,26,25,12,4,7
4,3,36,42,48,8,3,10
4,4,42,12,48,6,5,10
4,5,44,38,36,10,6,6
4,6,42,28,28,6,4,11
4,7,37,36,51,13,3,6
4,8,40,31,48,9,5,6
4,9,44,23,48,7,4,11
4,10,34,27,30,4,3,10
4,11,36,15,15,5,3,10
4,12,25,26,28,6,3,6
4,13,36,31,42,7,3,8
4,14,30,25,27,5,3,7
4,15,35,31,38,8,3,13
4,16,31,24,36,5,7,7
4,17,39,33,22,8,6,11
4,18,46,37,46,9,4,10
4,19,21,16,15,9,4,3
4,20,29,5,12,11,5,6
4,21,37,26,36,7,5,10
4,22,32,14,19,8,5,6
4,23,36,5,35,9,5,4
4,24,44,29,49,6,8,8
4,25,42,21,52,9,5,7
4,26,38,12,25,5,7,7
4,27,28,14,14,4,5,5
4,28,39,36,58,8,4,11
4,29,26,16,25,6,6,1
4,30,35,37,34,6,6,7
4,31,32,22,25,6,6,4
4,32,14,8,12,1,5,6
4,33,38,38,38,5,5,9
4,34,26,21,22,4,6,3
4,35,34,27,41,2,6,9
4,36,42,35,54,7,5,9
4,37,36,36,34,5,4,9
4,38,44,44,45,10,4,8
4,39,56,56,66,9,5,14
4,40,42,20,55,7,7,7
4,41,44,44,41,7,7,8
4,42,44,44,69,9,9,4
4,43,32,32,56,4,6,6
4,44,23,28,31,3,4,7
4,45,30,24,36,8,5,2
4,46,38,39,54,9,6,7
4,47,42,29,51,8,6,7
4,48,38,38,46,7,3,9
4,49,44,44,82,14,5,3
4,50,34,34,58,8,4,5
4,51,46,23,48,11,4,8
4,52,34,20,39,6,3,8
4,53,34,28,36,9,4,4
4,54,48,28,44,10,6,8
4,55,35,42,34,11,4,6
4,56,36,24,29,6,3,9
4,57,23,23,27,7,4,5
4,58,28,25,28,5,4,5
4,59,27,14,24,6,3,9
4,60,42,26,33,7,4,10
5,1,22,23,12,10,7,10
5,2,41,32,31,10,3,11
5,3,31,38,39,9,3,11
5,4,56,21,47,8,3,17
5,5,48,21,45,8,4,12
5,6,58,35,46,6,3,20
5,7,52,12,51,6,3,17
5,8,52,37,59,10,4,16
5,9,54,24,78,8,4,15
5,10,52,52,87,7,4,15
5,11,48,32,50,9,3,12
5,12,64,35,76,9,3,20
5,13,46,20,46,3,3,17
5,14,56,24,50,9,4,15
5,15,43,44,65,10,3,14
5,16,42,28,44,8,4,9
5,17,50,23,30,9,3,13
5,18,50,35,34,12,4,9
5,19,46,39,77,8,4,11
5,20,30,13,29,8,4,3
5,21,40,21,42,7,4,9
5,22,56,56,66,7,3,18
5,23,42,20,49,8,3,10
5,24,42,24,38,5,6,10
5,25,42,34,56,5,3,13
5,26,40,20,60,9,4,7
5,27,56,43,52,11,3,14
5,28,38,15,40,6,7,6
5,29,56,34,70,11,4,13
5,30,50,42,58,6,4,15
5,31,46,41,23,9,5,9
5,32,50,32,43,7,4,14
5,33,48,28,30,8,4,12
5,34,40,21,44,10,3,7
5,35,52,47,49,9,4,13
5,36,47,19,38,5,3,18
5,37,34,18,21,10,3,4
5,38,29,33,48,7,4,8
5,39,42,34,67,6,5,10
5,40,48,25,65,9,5,10
5,41,44,35,27,11,4,11
5,42,48,29,56,9,5,10
5,43,40,32,49,11,5,4
5,44,44,28,55,9,4,9
5,45,42,34,55,7,4,10
5,46,44,28,52,8,6,8
5,47,56,56,64,8,8,12
5,48,32,25,41,4,6,6
5,49,44,36,38,7,5,10
5,50,56,34,51,11,3,14
5,51,56,44,63,12,6,10
5,52,54,48,55,7,6,14
5,53,48,41,57,12,6,6
5,54,44,31,49,6,6,10
5,55,40,40,36,6,6,8
5,56,52,37,80,11,7,8
5,57,50,21,47,7,7,11
5,58,36,36,52,6,6,6
5,59,54,50,64,7,7,13
5,60,38,33,51,5,6,8
6,1,29,14,19,7,3,14
6,2,23,19,39,4,3,8
6,3,33,27,43,5,7,6
6,4,21,14,29,3,3,6
6,5,39,20,33,7,4,11
6,6,30,12,29,6,4,5
6,7,18,31,23,7,2,9
6,8,20,12,19,4,3,4
6,9,17,12,14,3,4,5
6,10,44,29,53,11,5,6
6,11,52,35,79,11,3,12
6,12,43,49,25,11,6,16
6,13,50,40,68,9,3,13
6,14,44,28,50,4,5,13
6,15,24,20,24,5,3,14
6,16,30,13,36,6,7,8
6,17,35,27,43,9,6,6
6,18,10,18,20,3,3,4
6,19,24,7,12,7,5,13
6,20,8,20,24,10,3,7
6,21,17,7,14,3,4,4
6,22,35,25,47,12,4,9
6,23,30,29,36,8,3,7
6,24,44,19,37,9,4,9
6,25,30,22,20,6,4,5
6,26,25,16,24,5,8,5
6,27,29,26,46,5,4,10
6,28,46,46,49,7,4,12
6,29,38,8,36,5,10,10
6,30,30,30,36,9,3,7
6,31,34,20,45,6,6,5
6,32,22,13,26,9,5,4
6,33,27,19,29,9,4,6
6,34,38,30,50,6,3,10
6,35,29,20,38,7,3,7
6,36,24,23,43,6,3,11
6,37,33,12,23,5,4,14
6,38,46,20,48,8,5,10
6,39,42,42,29,12,3,6
6,40,32,19,22,11,3,4
6,41,40,16,35,6,4,10
6,42,38,23,50,10,4,5
6,43,32,21,42,7,4,5
6,44,34,20,22,7,5,5
6,45,48,41,56,8,4,12
6,46,31,18,22,8,5,5
6,47,41,31,58,10,5,9
6,48,30,36,32,6,3,9
6,49,17,30,37,9,4,11
6,50,34,40,54,8,4,8
6,51,36,35,50,12,4,5
6,52,26,11,29,5,5,6
6,53,18,15,11,4,2,9
6,54,29,32,26,5,5,8
6,55,33,9,22,5,7,6
6,56,32,24,46,8,3,7
6,57,31,13,38,5,3,14
6,58,23,13,25,6,4,4
6,59,22,12,23,2,5,4
6,60,29,9,3,5,5,13
7,1,15,41,21,11,6,7
7,2,42,4,46,5,7,9
7,3,36,23,45,6,4,8
7,4,46,16,41,8,6,9
7,5,24,13,23,3,4,5
7,6,34,18,52,6,5,6
7,7,26,13,36,5,4,4
7,8,33,21,35,9,7,4
7,9,42,42,59,8,7,6
7,10,23,21,30,4,5,4
7,11,8,12,13,2,4,1
7,12,14,18,15,1,7,5
7,13,24,30,41,2,8,5
7,14,32,32,42,2,8,6
7,15,32,32,17,7,7,2
7,16,40,32,34,8,7,5
7,17,21,12,30,2,7,9
7,18,26,22,40,4,5,4
7,19,32,26,17,3,7,6
7,20,17,20,23,2,7,1
7,21,22,22,38,5,4,2
7,22,26,26,24,5,7,1
7,23,24,16,34,4,2,6
7,24,32,30,44,2,6,8
7,25,30,23,36,3,9,3
7,26,30,26,53,4,9,2
7,27,34,23,40,4,7,6
7,28,32,24,32,4,9,3
7,29,16,16,20,2,4,2
7,30,24,19,33,2,6,4
7,31,33,48,37,10,5,9
7,32,24,10,34,4,5,3
7,33,32,16,29,3,7,6
7,34,20,10,22,1,4,5
7,35,14,13,17,1,5,1
7,36,22,15,32,4,7,0
7,37,22,9,18,3,4,4
7,38,19,26,37,3,9,1
7,39,30,12,29,1,6,8
7,40,16,19,27,2,6,6
7,41,24,29,43,5,5,7
7,42,16,15,26,1,5,2
7,43,42,27,40,8,6,7
7,44,30,21,48,6,3,6
7,45,38,22,47,5,9,5
7,46,33,28,41,9,8,2
7,47,36,36,25,7,5,6
7,48,32,24,33,3,10,3
7,49,30,25,44,5,7,3
7,50,32,32,31,6,6,4
7,51,2,12,8,0,5,1
7,52,36,36,53,6,7,5
7,53,25,19,31,5,6,3
7,54,36,36,47,2,8,8
7,55,44,31,57,7,9,6
7,56,24,32,41,4,9,3
7,57,27,34,49,5,7,5
7,58,46,25,69,5,8,10
7,59,42,42,67,5,10,6
7,60,21,26,26,3,7,3
8,1,12,15,18,9,9,3
8,2,47,36,64,12,7,10
8,3,21,29,29,7,6,8
8,4,42,28,34,11,7,3
8,5,38,21,16,10,7,10
8,6,42,23,46,10,5,6
8,7,57,38,51,13,10,11
8,8,35,21,44,11,5,10
8,9,60,40,29,12,7,11
8,10,28,22,0,12,8,10
8,11,38,17,47,13,7,9
8,12,48,44,43,7,10,7
8,13,57,43,68,12,10,11
8,14,55,39,51,11,6,12
8,15,48,37,61,8,4,12
8,16,30,48,21,8,11,5
8,17,20,13,25,5,8,0
8,18,46,43,39,11,6,10
8,19,38,27,39,6,8,7
8,20,38,38,35,4,6,9
8,21,34,19,37,9,6,4
8,22,46,40,46,7,9,7
8,23,44,34,38,9,8,5
8,24,55,64,44,16,7,9
8,25,37,44,27,9,8,5
8,26,60,49,22,10,5,15
8,27,58,29,65,11,11,7
8,28,44,34,56,10,7,9
8,29,56,42,78,10,6,12
8,30,41,30,42,12,7,5
8,31,46,46,60,11,8,4
8,32,60,30,24,9,6,15
8,33,56,34,0,14,10,4
8,34,28,48,37,10,8,6
8,35,44,17,24,13,5,4
8,36,48,40,68,11,7,6
8,37,48,31,55,8,8,8
8,38,44,23,29,4,8,10
8,39,68,44,53,12,13,9
8,40,42,42,56,7,11,3
8,41,50,50,57,12,9,4
8,42,50,42,68,13,5,7
8,43,54,54,82,8,8,11
8,44,60,60,88,10,8,12
8,45,38,33,69,7,9,3
8,46,52,52,93,15,7,4
8,47,30,44,59,8,6,8
8,48,54,47,79,10,7,10
8,49,36,47,75,9,8,12
8,50,46,37,67,9,12,10
8,51,54,54,79,12,9,6
8,52,39,44,27,8,8,6
8,53,47,52,42,7,11,12
8,54,35,37,41,12,7,8
8,55,56,53,92,13,9,10
8,56,47,45,68,11,7,9
8,57,38,41,54,7,5,11
8,58,19,42,43,4,8,9
8,59,46,41,51,7,9,10
8,60,46,46,48,10,8,5
9,1,66,35,84,11,7,15
9,2,30,33,37,9,6,10
9,3,42,50,72,8,8,9
9,4,11,24,21,10,4,10
9,5,52,32,71,6,7,13
9,6,35,19,41,7,6,9
9,7,38,29,63,6,3,10
9,8,22,31,44,5,4,13
9,9,37,13,32,5,9,8
9,10,26,22,38,6,5,13
9,11,8,27,24,6,2,15
9,12,66,29,62,12,8,13
9,13,35,40,70,9,5,6
9,14,44,25,53,9,4,9
9,15,43,41,71,12,4,14
9,16,58,41,75,5,7,17
9,17,29,30,53,8,5,5
9,18,42,40,78,8,6,9
9,19,52,26,63,6,5,15
9,20,46,24,52,12,8,7
9,21,58,58,105,8,9,12
9,22,40,23,34,3,10,7
9,23,44,35,48,5,7,10
9,24,42,24,48,6,8,10
9,25,51,45,60,13,7,11
9,26,52,32,70,10,5,11
9,27,35,40,47,11,3,6
9,28,37,33,42,4,9,10
9,29,42,34,60,6,7,8
9,30,43,31,53,8,5,11
9,31,30,28,20,1,7,7
9,32,26,24,30,2,9,6
9,33,52,30,82,8,3,15
9,34,8,22,7,6,5,5
9,35,40,30,52,7,7,9
9,36,46,42,36,7,7,9
9,37,52,45,97,5,8,13
9,38,32,31,54,1,10,10
9,39,12,46,44,4,7,12
9,40,27,22,33,4,6,11
9,41,24,32,50,5,8,6
9,42,52,43,64,4,9,13
9,43,39,30,61,6,4,11
9,44,42,25,54,4,9,8
9,45,27,28,22,5,9,4
9,46,30,40,60,2,11,7
9,47,30,30,37,3,8,6
9,48,54,54,79,7,7,13
9,49,46,46,68,5,8,10
9,50,40,26,50,4,4,12
9,51,46,38,61,8,8,7
9,52,50,27,74,4,11,10
9,53,50,35,38,8,10,7
9,54,42,16,36,5,5,11
9,55,56,28,57,12,8,8
9,56,42,27,39,6,6,9
9,57,46,47,61,7,7,15
9,58,42,50,82,4,8,13
9,59,48,35,60,2,8,14
9,60,37,36,59,7,8,12
10,1,50,44,50,9,3,17
10,2,66,23,72,9,4,20
10,3,45,19,59,7,9,10
10,4,48,20,48,10,4,10
10,5,60,32,50,11,4,15
10,6,39,42,70,9,2,16
10,7,20,38,37,13,4,11
10,8,24,17,41,7,6,7
10,9,62,31,45,11,5,15
10,10,55,14,46,10,4,19
10,11,54,38,53,11,3,13
10,12,48,27,45,7,5,12
10,13,47,46,48,14,4,11
10,14,66,54,64,14,7,12
10,15,37,22,21,4,3,14
10,16,68,46,48,11,6,17
10,17,48,45,47,8,7,13
10,18,30,11,20,6,11,10
10,19,54,36,25,6,9,12
10,20,29,27,42,6,6,7
10,21,44,54,51,14,4,9
10,22,38,25,37,11,9,8
10,23,39,36,39,5,10,11
10,24,40,6,26,10,3,7
10,25,29,31,14,12,4,7
10,26,13,24,25,9,7,10
10,27,58,43,56,7,11,11
10,28,40,39,57,7,11,11
10,29,35,28,33,10,6,12
10,30,50,31,42,9,10,6
10,31,43,39,46,8,10,7
10,32,50,49,55,15,3,10
10,33,36,7,26,10,4,4
10,34,38,32,15,12,2,17
10,35,40,19,42,5,4,11
10,36,42,30,60,8,6,10
10,37,42,31,21,6,5,10
10,38,51,19,63,17,5,7
10,39,42,25,67,14,2,9
10,40,37,22,59,11,4,9
10,41,52,8,34,10,4,12
10,42,33,40,10,9,3,11
10,43,56,33,89,12,3,13
10,44,44,29,49,7,3,12
10,45,42,26,36,12,7,8
10,46,44,22,39,10,3,9
10,47,42,27,53,11,5,9
10,48,54,38,43,13,4,21
10,49,66,66,76,13,5,15
10,50,39,22,49,9,6,9
10,51,60,37,19,13,5,12
10,52,35,22,10,7,8,7
10,53,41,26,31,12,5,9
10,54,30,24,36,11,3,4
10,55,52,31,53,15,3,8
10,56,45,21,28,11,3,12
10,57,33,50,54,4,4,17
10,58,44,38,27,6,4,12
10,59,28,41,55,13,3,7
10,60,39,24,50,11,3,10
11,1,31,12,16,12,5,3
11,2,39,28,18,10,5,7
11,3,34,31,21,12,6,5
11,4,31,25,24,11,5,15
11,5,24,29,53,11,4,5
11,6,39,22,32,12,5,5
11,7,32,37,47,11,6,7
11,8,48,34,47,12,5,7
11,9,36,16,39,6,8,4
11,10,54,40,51,9,8,10
11,11,21,27,32,6,6,4
11,12,40,8,25,6,7,7
11,13,14,22,14,6,3,5
11,14,26,36,42,10,6,5
11,15,19,25,29,8,4,3
11,16,18,0,10,6,8,5
11,17,40,31,22,9,6,8
11,18,15,18,16,6,5,7
11,19,22,21,40,8,5,8
11,20,21,33,50,5,9,7
11,21,21,8,20,4,6,8
11,22,44,24,22,10,4,8
11,23,24,32,31,13,5,7
11,24,24,20,32,6,5,7
11,25,8,32,40,8,6,11
11,26,21,37,42,10,7,4
11,27,32,39,45,8,8,16
11,28,19,27,22,6,8,8
11,29,22,25,14,12,6,7
11,30,24,25,32,13,6,6
11,31,23,23,43,9,5,6
11,32,41,46,33,8,8,7
11,33,38,19,19,9,6,4
11,34,48,32,36,12,7,11
11,35,44,41,47,10,6,6
11,36,43,47,36,9,9,9
11,37,50,30,46,14,7,4
11,38,22,28,24,8,7,3
11,39,28,23,23,8,6,0
11,40,52,26,64,10,6,10
11,41,14,10,8,1,6,6
11,42,28,23,13,6,6,4
11,43,34,29,21,11,6,5
11,44,44,26,21,11,6,5
11,45,58,38,66,14,6,9
11,46,29,5,0,9,7,7
11,47,36,33,39,6,6,11
11,48,37,31,40,10,5,8
11,49,30,23,26,8,9,5
11,50,5,6,2,6,5,5
11,51,29,35,43,11,5,3
11,52,33,24,30,8,6,5
11,53,50,30,41,15,6,4
11,54,28,20,34,10,6,5
11,55,54,41,79,9,5,13
11,56,41,25,49,9,5,12
11,57,23,22,21,14,5,5
11,58,28,22,43,10,5,7
11,59,15,32,14,13,5,5
11,60,34,12,46,10,7,3
12,1,56,47,52,9,5,14
12,2,40,23,51,6,3,11
12,3,12,15,12,7,6,11
12,4,32,43,59,8,7,10
12,5,26,32,24,6,5,12
12,6,45,17,33,11,4,13
12,7,54,25,37,7,5,15
12,8,20,21,11,6,3,6
12,9,48,29,66,5,5,14
12,10,34,12,37,5,6,6
12,11,43,8,45,8,3,14
12,12,24,24,16,6,6,6
12,13,63,37,97,15,6,12
12,14,23,13,22,6,4,7
12,15,28,10,14,8,6,4
12,16,42,21,46,6,5,10
12,17,32,37,22,9,5,8
12,18,42,28,62,5,5,15
12,19,30,31,35,7,3,9
12,20,44,28,59,6,5,11
12,21,32,26,52,7,5,9
12,22,27,38,44,10,3,11
12,23,38,18,18,9,6,10
12,24,34,17,48,6,4,7
12,25,38,34,41,10,3,10
12,26,40,20,30,6,4,10
12,27,22,21,18,4,4,3
12,28,36,40,38,8,8,8
12,29,47,29,24,14,5,10
12,30,56,37,73,10,5,13
12,31,37,14,44,7,4,9
12,32,52,24,25,11,7,8
12,33,44,31,37,5,7,10
12,34,38,29,32,6,6,7
12,35,44,22,29,11,7,4
12,36,26,0,19,7,5,7
12,37,17,23,32,7,5,10
12,38,27,25,18,7,5,7
12,39,52,10,62,8,8,10
12,40,38,32,37,9,5,5
12,41,23,37,26,10,7,6
12,42,38,26,26,8,7,4
12,43,38,34,53,7,3,9
12,44,38,27,45,8,3,8
12,45,42,42,42,8,7,6
12,46,28,18,36,6,8,7
12,47,60,27,46,5,7,18
12,48,41,32,47,6,5,12
12,49,23,16,9,8,6,6
12,50,30,10,24,7,3,15
12,51,28,28,29,7,6,13
12,52,19,14,25,6,6,6
12,53,33,31,15,7,6,11
12,54,20,23,20,6,4,7
12,55,33,41,48,8,5,11
12,56,34,32,36,7,3,7
12,57,32,20,38,7,9,4
12,58,23,28,32,10,8,2
12,59,54,37,14,9,7,11
12,60,28,13,28,4,8,6
13,1,56,18,67,9,6,13
13,2,32,29,38,2,8,6
13,3,36,22,27,9,6,7
13,4,42,42,71,5,6,10
13,5,20,16,22,6,3,1
13,6,50,24,43,6,3,16
13,7,40,20,47,8,4,8
13,8,44,24,68,6,7,9
13,9,31,31,49,6,5,9
13,10,60,29,37,5,7,18
13,11,46,28,56,4,5,14
13,12,33,13,46,10,8,5
13,13,56,43,49,9,5,14
13,14,58,41,94,11,8,10
13,15,56,49,84,13,5,10
13,16,44,36,66,9,6,7
13,17,47,21,42,9,6,13
13,18,52,45,77,5,7,14
13,19,52,37,75,19,2,5
13,20,48,41,64,8,6,10
13,21,51,41,48,6,7,16
13,22,44,28,60,12,5,8
13,23,44,44,55,5,5,12
13,24,36,31,43,5,12,6
13,25,19,38,27,12,3,4
13,26,50,25,33,13,5,7
13,27,36,16,38,5,10,4
13,28,30,24,33,7,3,5
13,29,29,25,51,6,6,10
13,30,40,40,47,5,9,6
13,31,24,24,29,3,7,2
13,32,46,32,54,8,3,12
13,33,34,27,46,3,6,8
13,34,56,56,54,6,4,18
13,35,38,18,33,6,5,8
13,36,34,25,39,4,4,9
13,37,16,14,18,3,3,2
13,38,30,10,20,6,4,5
13,39,24,7,17,3,6,3
13,40,50,40,67,7,9,9
13,41,44,34,50,6,7,9
13,42,42,28,48,6,5,10
13,43,34,38,29,6,4,15
13,44,42,36,65,5,8,8
13,45,40,34,66,8,6,6
13,46,28,14,30,6,3,5
13,47,54,15,21,7,8,12
13,48,34,23,24,9,4,4
13,49,32,20,28,8,5,3
13,50,32,23,47,3,7,6
13,51,32,20,33,3,4,9
13,52,40,20,60,6,7,7
13,53,56,28,61,6,6,16
13,54,30,24,46,3,7,5
13,55,36,31,31,6,3,9
13,56,19,16,24,4,6,2
13,57,42,25,39,9,5,7
13,58,44,33,55,7,4,11
13,59,32,24,9,6,3,7
13,60,42,31,28,6,3,14
14,1,62,27,55,10,4,19
14,2,29,21,50,9,4,16
14,3,42,21,36,12,5,4
14,4,18,33,28,11,4,5
14,5,50,39,55,8,3,14
14,6,46,9,34,9,3,11
14,7,50,32,33,8,5,12
14,8,45,42,41,5,3,16
14,9,14,26,5,9,5,9
14,10,35,27,32,10,4,13
14,11,52,7,26,10,5,11
14,12,44,38,34,10,3,9
14,13,46,24,49,8,5,10
14,14,44,44,49,4,5,13
14,15,46,34,30,8,4,11
14,16,31,0,14,7,4,11
14,17,46,12,40,7,3,13
14,18,33,27,23,6,3,13
14,19,52,11,22,11,3,12
14,20,56,46,58,9,3,16
14,21,50,38,55,6,4,15
14,22,34,52,51,7,3,16
14,23,48,44,49,5,4,15
14,24,56,34,34,12,4,12
14,25,43,31,49,9,3,13
14,26,52,42,44,10,5,11
14,27,54,45,59,10,4,13
14,28,32,27,39,6,3,12
14,29,36,17,32,8,4,11
14,30,46,20,35,9,3,13
14,31,52,19,53,8,7,11
14,32,48,11,30,10,4,10
14,33,36,28,39,8,4,11
14,34,56,21,62,9,3,16
14,35,31,17,26,9,3,6
14,36,52,43,30,8,6,14
14,37,47,32,43,9,3,14
14,38,42,6,27,8,5,8
14,39,62,24,73,10,5,16
14,40,41,23,18,3,6,12
14,41,50,0,28,15,4,6
14,42,24,24,31,8,6,11
14,43,40,23,35,7,4,9
14,44,43,32,50,8,8,9
14,45,52,44,62,9,3,14
14,46,62,38,51,12,6,13
14,47,50,40,60,6,5,14
14,48,42,19,32,7,7,7
14,49,56,29,53,7,6,15
14,50,56,46,40,10,4,14
14,51,32,31,49,5,4,14
14,52,52,52,76,14,7,9
14,53,56,45,87,9,6,13
14,54,46,46,23,8,5,10
14,55,62,28,36,8,6,17
14,56,50,43,30,10,4,11
14,57,42,11,37,5,7,13
14,58,43,32,58,10,5,11
14,59,54,19,27,7,3,17
14,60,52,38,36,7,5,14
15,1,54,45,39,14,8,5
15,2,54,0,30,8,5,14
15,3,58,12,41,15,4,10
15,4,39,40,45,14,3,7
15,5,43,37,44,12,3,14
15,6,56,37,57,18,6,4
15,7,54,37,70,12,8,7
15,8,48,43,72,11,6,12
15,9,54,38,86,12,7,8
15,10,40,40,64,9,4,7
15,11,42,28,64,6,7,8
15,12,19,47,56,18,6,5
15,13,26,20,27,7,5,14
15,14,46,30,56,13,7,3
15,15,46,21,57,6,4,13
15,16,42,25,61,13,4,4
15,17,27,11,24,9,5,3
15,18,29,35,34,15,4,6
15,19,44,6,31,16,3,3
15,20,51,31,28,13,7,11
15,21,44,0,26,13,7,6
15,22,54,35,80,11,7,9
15,23,38,24,42,8,5,9
15,24,44,19,22,14,5,7
15,25,31,22,26,9,4,5
15,26,44,31,52,10,5,7
15,27,48,19,46,11,7,6
15,28,50,23,18,12,3,10
15,29,60,54,44,13,7,10
15,30,41,33,44,10,8,7
15,31,34,17,17,9,4,4
15,32,62,62,94,10,11,10
15,33,42,48,43,18,6,5
15,34,54,43,39,11,8,8
15,35,37,18,43,17,8,5
15,36,12,8,15,7,4,1
15,37,54,30,49,14,5,8
15,38,36,27,23,9,6,3
15,39,38,10,35,6,4,9
15,40,56,45,60,17,4,7
15,41,30,39,37,17,9,4
15,42,44,27,52,11,7,4
15,43,54,27,57,9,5,13
15,44,36,38,22,8,3,8
15,45,46,30,71,10,7,6
15,46,62,31,61,19,9,3
15,47,50,50,76,11,6,8
15,48,56,43,78,14,7,7
15,49,43,32,67,16,5,3
15,50,52,36,77,9,6,11
15,51,31,46,51,14,4,13
15,52,41,46,78,7,3,13
15,53,48,54,82,17,9,4
15,54,48,32,47,13,5,6
15,55,44,36,43,13,6,3
15,56,46,54,43,12,5,10
15,57,46,39,41,8,5,10
15,58,36,43,36,12,4,12
15,59,52,33,41,13,4,9
15,60,52,26,63,11,5,10
16,1,47,25,54,17,4,8
16,2,27,26,32,8,4,9
16,3,29,27,41,6,7,7
16,4,52,44,60,14,5,7
16,5,42,42,61,8,5,8
16,6,14,31,20,8,5,6
16,7,25,33,36,6,6,13
16,8,24,31,31,4,8,10
16,9,26,33,40,14,7,5
16,10,48,40,72,9,6,9
16,11,48,34,40,8,7,9
16,12,20,40,41,8,6,6
16,13,14,33,17,5,7,9
16,14,53,52,38,17,7,7
16,15,20,30,40,9,6,2
16,16,44,22,34,14,5,3
16,17,44,28,42,13,6,3
16,18,36,36,39,7,6,5
16,19,28,22,30,11,4,1
16,20,34,4,24,8,4,5
16,21,44,24,54,6,6,10
16,22,34,21,27,8,5,4
16,23,32,21,19,5,6,5
16,24,38,23,44,8,5,6
16,25,48,37,37,7,6,11
16,26,40,25,31,9,5,6
16,27,30,28,49,7,5,3
16,28,44,30,29,9,7,6
16,29,31,28,37,8,4,9
16,30,42,34,46,11,6,4
16,31,28,32,24,7,5,4
16,32,24,32,36,10,5,5
16,33,36,29,18,11,9,5
16,34,15,21,16,3,5,4
16,35,11,31,34,6,5,8
16,36,34,21,30,6,6,9
16,37,20,24,19,3,4,5
16,38,10,5,7,4,6,6
16,39,32,25,49,10,7,4
16,40,19,26,20,6,8,5
16,41,26,34,50,10,6,5
16,42,30,22,12,2,6,7
16,43,30,14,26,9,4,4
16,44,22,14,9,6,4,4
16,45,37,52,56,13,6,7
16,46,42,37,52,7,8,8
16,47,21,20,20,6,4,2
16,48,36,29,25,6,4,8
16,49,34,26,15,8,5,8
16,50,23,27,8,7,4,3
16,51,36,14,10,10,3,5
16,52,30,26,35,8,4,3
16,53,36,18,38,10,4,4
16,54,40,36,46,9,5,6
16,55,44,44,38,11,5,6
16,56,42,33,44,12,7,2
16,57,26,26,23,3,5,5
16,58,42,27,37,7,4,10
16,59,38,33,25,9,4,6
16,60,46,38,55,5,6,12
17,1,31,35,40,9,6,10
17,2,28,25,27,4,6,7
17,3,32,19,30,9,9,6
17,4,46,34,25,8,5,10
17,5,28,26,37,6,6,12
17,6,21,32,26,6,6,4
17,7,34,24,33,7,6,4
17,8,32,27,36,8,6,7
17,9,12,24,11,3,6,4
17,10,36,29,33,8,4,6
17,11,40,36,32,7,4,9
17,12,36,36,47,5,5,8
17,13,46,13,42,5,7,11
17,14,34,22,24,1,4,12
17,15,40,32,49,5,3,12
17,16,12,28,27,8,7,6
17,17,23,25,26,9,4,5
17,18,21,24,11,6,4,7
17,19,42,44,53,9,5,11
17,20,32,30,27,8,3,8
17,21,19,15,14,7,3,10
17,22,21,16,26,5,4,4
17,23,22,25,41,4,5,10
17,24,36,34,52,5,8,10
17,25,44,29,38,6,7,9
17,26,46,20,50,10,6,9
17,27,32,46,26,6,4,13
17,28,29,25,32,6,3,9
17,29,33,40,41,7,7,6
17,30,28,26,31,4,8,10
17,31,28,24,37,3,6,5
17,32,21,5,16,7,5,3
17,33,34,23,13,8,8,7
17,34,36,32,36,8,5,5
17,35,37,21,28,4,4,13
17,36,30,23,37,6,4,6
17,37,36,13,41,4,3,11
17,38,32,38,43,7,3,12
17,39,36,34,49,5,4,9
17,40,54,12,66,11,4,12
17,41,28,16,13,5,2,7
17,42,18,9,15,1,3,5
17,43,32,22,8,6,4,10
17,44,42,13,40,5,5,11
17,45,19,6,10,2,6,6
17,46,32,22,44,8,5,5
17,47,33,24,21,5,5,8
17,48,38,28,37,8,4,7
17,49,45,28,60,8,5,11
17,50,27,23,22,7,4,12
17,51,26,16,20,8,4,4
17,52,38,17,13,10,3,11
17,53,42,24,29,8,4,9
17,54,34,15,30,7,4,9
17,55,27,16,35,2,3,9
17,56,30,24,19,5,4,6
17,57,36,18,22,7,4,7
17,58,40,24,59,5,5,10
17,59,21,6,19,3,5,4
17,60,33,30,30,6,6,10
18,1,10,10,16,1,3,1
18,2,21,11,14,4,4,3
18,3,26,23,49,4,7,2
18,4,36,21,27,4,4,10
18,5,24,10,24,2,5,5
18,6,22,18,18,8,4,2
18,7,30,15,37,7,3,5
18,8,15,11,18,4,4,1
18,9,26,18,39,4,5,4
18,10,36,25,36,6,5,7
18,11,22,21,41,2,5,4
18,12,30,15,32,7,5,3
18,13,30,21,32,6,5,4
18,14,36,29,38,10,4,4
18,15,28,28,32,7,5,2
18,16,20,19,31,1,5,4
18,17,26,26,20,3,4,6
18,18,19,24,32,5,4,3
18,19,22,22,42,3,3,5
18,20,32,32,33,8,3,5
18,21,28,25,34,2,9,3
18,22,30,27,35,6,4,5
18,23,26,26,40,3,4,6
18,24,32,32,54,4,6,6
18,25,38,34,52,8,6,5
18,26,18,18,32,3,3,3
18,27,18,18,35,1,5,3
18,28,24,24,19,5,5,2
18,29,26,17,28,1,6,6
18,30,36,36,25,12,3,3
18,31,32,32,40,6,5,5
18,32,32,32,49,7,3,6
18,33,14,23,23,4,5,5
18,34,36,32,49,6,8,4
18,35,25,32,36,4,5,7
18,36,28,20,29,6,5,3
18,37,26,25,30,4,4,5
18,38,24,26,44,8,7,2
18,39,38,38,49,8,4,7
18,40,28,17,40,4,4,6
18,41,31,36,38,4,7,7
18,42,28,19,26,6,3,5
18,43,30,26,44,5,6,4
18,44,32,25,48,5,8,6
18,45,28,19,21,3,7,6
18,46,30,30,53,1,5,9
18,47,34,30,32,4,6,7
18,48,30,30,50,7,5,3
18,49,36,28,49,9,5,4
18,50,26,20,30,4,6,3
18,51,18,18,19,2,4,3
18,52,34,34,34,4,7,6
18,53,24,24,24,0,8,4
18,54,26,26,39,2,5,6
18,55,26,22,36,6,4,3
18,56,32,24,48,7,6,3
18,57,28,24,38,7,5,2
18,58,40,40,33,8,6,6
18,59,32,32,40,6,4,6
18,60,36,36,50,9,7,2
19,1,27,8,29,10,6,5
19,2,46,39,42,10,4,9
19,3,44,43,48,9,6,11
19,4,36,23,35,8,6,4
19,5,24,17,16,6,5,6
19,6,47,30,77,7,9,11
19,7,42,20,34,5,5,11
19,8,39,42,53,8,8,8
19,9,36,31,55,5,6,10
19,10,41,48,37,7,7,10
19,11,32,32,39,6,6,6
19,12,42,0,30,8,4,10
19,13,35,34,34,7,4,9
19,14,40,40,48,7,5,12
19,15,39,32,45,8,8,8
19,16,36,45,36,12,8,7
19,17,37,19,49,13,7,5
19,18,35,9,42,7,6,9
19,19,40,48,66,7,8,9
19,20,27,28,27,9,7,5
19,21,21,23,37,11,6,6
19,22,28,30,22,8,9,7
19,23,25,18,16,10,4,2
19,24,18,19,29,6,4,6
19,25,25,36,37,6,6,6
19,26,44,62,65,12,6,13
19,27,29,50,13,7,7,11
19,28,26,14,35,8,4,7
19,29,23,20,36,10,4,4
19,30,50,33,63,8,9,8
19,31,46,34,34,9,8,6
19,32,48,31,35,8,6,10
19,33,23,13,27,5,4,9
19,34,50,34,44,11,9,5
19,35,35,32,27,12,3,5
19,36,50,32,48,11,6,8
19,37,44,11,33,8,3,11
19,38,50,18,31,8,5,12
19,39,38,38,44,7,3,9
19,40,40,20,43,8,4,8
19,41,44,46,72,5,6,12
19,42,34,30,31,6,4,7
19,43,43,42,66,11,5,10
19,44,42,42,24,6,5,10
19,45,54,46,55,11,6,10
19,46,56,49,60,12,9,7
19,47,48,24,25,12,3,9
19,48,42,29,50,13,3,8
19,49,44,44,61,4,6,12
19,50,52,26,51,9,4,13
19,51,46,14,23,10,4,9
19,52,50,0,24,8,3,14
19,53,34,21,38,7,4,12
19,54,50,40,51,12,6,7
19,55,40,15,18,12,3,9
19,56,48,38,64,10,4,10
19,57,44,34,56,9,4,9
19,58,58,22,40,11,4,14
19,59,44,39,45,10,3,9
19,60,48,30,20,7,3,14
20,1,42,16,21,9,3,9
20,2,60,41,75,9,3,18
20,3,46,23,38,10,4,9
20,4,52,27,43,8,3,15
20,5,44,29,33,8,3,11
20,6,52,12,40,10,3,13
20,7,48,31,33,8,4,12
20,8,46,8,24,12,3,11
20,9,44,31,32,8,3,13
20,10,42,27,41,8,4,9
20,11,48,34,35,6,6,12
20,12,35,14,32,9,3,7
20,13,13,31,21,9,3,9
20,14,44,36,42,8,5,9
20,15,46,35,53,11,4,8
20,16,37,24,26,7,5,9
20,17,48,34,69,11,6,7
20,18,36,7,34,12,6,10
20,19,58,58,81,14,4,11
20,20,37,22,21,7,4,12
20,21,54,44,71,14,3,10
20,22,62,28,75,10,4,17
20,23,37,31,45,10,5,8
20,24,62,31,64,13,9,9
20,25,33,28,30,10,4,7
20,26,46,38,61,12,7,4
20,27,62,17,46,10,5,16
20,28,50,40,59,10,5,10
20,29,41,31,39,8,5,9
20,30,40,25,44,11,4,10
20,31,39,19,55,11,4,7
20,32,44,32,49,10,5,7
20,33,54,44,54,7,4,16
20,34,36,18,27,9,4,5
20,35,48,15,23,10,3,11
20,36,58,16,45,11,3,15
20,37,44,22,20,9,4,9
20,38,52,26,38,13,5,8
20,39,25,53,46,9,9,12
20,40,54,34,81,12,4,11
20,41,42,30,58,11,5,5
20,42,31,33,32,13,4,16
20,43,37,28,50,11,3,8
20,44,40,29,53,8,5,7
20,45,38,10,23,9,5,5
20,46,56,48,76,16,6,6
20,47,48,24,44,13,4,7
20,48,60,49,68,9,8,13
20,49,62,38,70,17,4,10
20,50,40,8,12,7,4,9
20,51,46,40,50,12,6,7
20,52,28,14,21,11,4,9
20,53,48,39,64,10,5,9
20,54,41,13,44,11,4,9
20,55,34,10,29,8,6,5
20,56,50,16,44,14,6,5
20,57,60,30,70,14,5,11
20,58,44,11,18,9,5,12
20,59,38,32,45,10,3,10
20,60,50,25,56,9,3,13
21,1,42,36,70,8,5,8
21,2,24,12,28,7,2,6
21,3,28,16,24,7,3,4
21,4,33,21,49,4,3,14
21,5,30,30,60,7,3,5
21,6,30,27,35,5,4,6
21,7,32,21,53,4,4,8
21,8,26,16,5,3,3,10
21,9,24,20,28,3,4,5
21,10,34,20,42,5,4,9
21,11,23,15,22,5,3,5
21,12,28,24,36,2,3,9
21,13,28,22,20,3,5,6
21,14,13,18,20,5,2,6
21,15,14,11,13,4,3,3
21,16,34,30,60,7,4,6
21,17,24,22,31,2,5,8
21,18,32,18,50,7,4,5
21,19,38,15,44,8,5,6
21,20,34,17,46,8,3,6
21,21,38,24,43,6,3,10
21,22,18,9,20,3,3,3
21,23,20,16,26,4,3,4
21,24,25,23,45,5,4,5
21,25,28,9,37,3,3,8
21,26,24,16,25,1,3,8
21,27,22,9,28,3,5,3
21,28,20,20,36,4,3,7
21,29,24,16,33,3,4,9
21,30,15,4,11,4,3,1
21,31,38,31,47,6,6,7
21,32,18,13,31,4,4,1
21,33,26,24,49,4,4,5
21,34,22,18,40,4,3,4
21,35,42,42,65,9,5,7
21,36,34,28,57,7,4,6
21,37,28,25,43,4,3,7
21,38,36,31,67,6,4,8
21,39,24,8,26,2,4,6
21,40,20,11,28,3,3,4
21,41,34,34,68,5,4,8
21,42,30,30,31,5,3,7
21,43,32,32,44,4,5,7
21,44,34,22,43,6,3,8
21,45,30,30,56,5,3,7
21,46,14,7,17,1,4,2
21,47,38,25,37,10,4,5
21,48,26,22,30,6,5,2
21,49,28,12,23,7,4,3
21,50,30,27,37,5,3,7
21,51,14,7,18,3,2,2
21,52,20,5,25,4,3,3
21,53,44,44,81,6,5,11
21,54,44,44,81,10,5,7
21,55,12,9,16,1,2,3
21,56,22,22,36,3,4,4
21,57,28,22,46,6,3,5
21,58,18,16,21,1,2,6
21,59,38,19,37,7,4,8
21,60,36,32,65,7,5,6
22,1,24,0,16,5,5,12
22,2,13,15,15,1,6,7
22,3,12,13,10,6,5,8
22,4,16,8,15,4,4,5
22,5,25,29,40,6,6,4
22,6,30,26,38,6,3,6
22,7,27,26,17,4,3,10
22,8,29,14,11,5,8,7
22,9,37,18,32,10,4,8
22,10,40,20,46,4,8,8
22,11,26,21,9,2,8,7
22,12,14,12,24,1,6,3
22,13,20,20,20,2,6,7
22,14,24,38,50,6,6,7
22,15,18,16,25,2,5,3
22,16,41,32,63,4,8,13
22,17,28,22,32,4,6,4
22,18,39,30,42,5,9,10
22,19,24,22,18,4,6,10
22,20,56,18,35,6,11,11
22,21,26,17,32,4,3,7
22,22,48,38,28,5,6,13
22,23,34,13,23,6,4,8
22,24,28,38,49,3,3,13
22,25,37,21,41,7,5,14
22,26,17,19,32,6,6,9
22,27,46,22,42,4,9,10
22,28,36,36,31,8,8,2
22,29,36,27,41,8,4,10
22,30,44,40,50,10,4,8
22,31,30,12,18,6,4,14
22,32,40,20,47,6,7,7
22,33,36,26,18,6,3,9
22,34,36,23,42,10,3,5
22,35,50,30,67,11,5,9
22,36,22,15,22,3,3,8
22,37,33,13,36,6,4,10
22,38,16,29,12,5,3,8
22,39,42,24,42,9,4,8
22,40,38,22,26,6,6,7
22,41,40,29,36,8,3,9
22,42,56,27,46,9,6,13
22,43,48,43,64,9,5,10
22,44,48,32,39,8,4,12
22,45,40,44,62,6,3,16
22,46,30,15,43,3,4,8
22,47,18,3,15,4,2,3
22,48,22,3,10,3,4,4
22,49,4,4,4,0,1,1
22,50,3,6,6,0,1,2
22,51,2,1,2,0,1,0
22,52,24,24,44,4,2,6
22,53,26,13,32,2,3,8
22,54,42,21,42,5,4,12
22,55,12,12,20,1,1,4
22,56,16,6,13,2,4,5
22,57,32,16,28,4,4,8
22,58,14,13,11,5,3,1
22,59,23,8,31,7,4,5
22,60,12,10,15,4,2,3
23,1,26,24,28,11,4,5
23,2,14,16,20,4,5,3
23,3,28,25,38,5,3,6
23,4,14,32,24,11,5,6
23,5,28,37,42,8,3,10
23,6,40,30,69,7,3,11
23,7,36,17,22,4,8,6
23,8,48,30,56,10,8,6
23,9,10,41,42,14,5,5
23,10,44,35,69,12,3,7
23,11,44,36,6,19,3,6
23,12,8,33,18,5,5,8
23,13,43,39,67,7,7,11
23,14,44,31,60,10,3,9
23,15,23,28,32,8,3,6
23,16,18,32,29,7,5,12
23,17,52,9,25,10,4,12
23,18,19,26,32,8,3,8
23,19,39,22,27,9,7,12
23,20,25,32,44,8,6,5
23,21,26,11,32,8,5,6
23,22,31,25,40,10,4,11
23,23,22,47,48,12,6,13
23,24,31,20,41,12,3,3
23,25,11,31,35,10,4,5
23,26,29,8,28,5,5,8
23,27,32,21,40,10,4,7
23,28,34,44,33,6,13,3
23,29,31,18,49,13,6,6
23,30,42,38,49,14,6,5
23,31,34,34,65,11,3,3
23,32,44,41,37,15,3,7
23,33,38,32,25,6,4,9
23,34,19,25,37,11,2,6
23,35,27,35,27,5,4,10
23,36,6,29,32,12,5,8
23,37,20,20,27,5,3,5
23,38,40,33,37,8,5,7
23,39,32,8,38,11,4,1
23,40,46,30,69,13,3,7
23,41,46,24,58,14,4,5
23,42,29,48,41,13,3,8
23,43,40,32,60,10,6,6
23,44,52,52,104,13,5,8
23,45,23,28,21,5,3,6
23,46,41,11,44,12,4,12
23,47,42,32,58,8,9,4
23,48,38,24,50,8,5,6
23,49,46,18,25,10,4,9
23,50,54,35,46,13,4,10
23,51,22,7,20,9,4,7
23,52,22,18,28,8,6,11
23,53,48,36,32,10,7,7
23,54,48,12,44,5,10,9
23,55,36,22,47,13,5,3
23,56,32,17,33,10,5,11
23,57,31,8,22,13,4,5
23,58,32,26,31,14,3,3
23,59,24,16,24,4,3,6
23,60,44,22,44,8,3,11
24,1,56,28,28,13,9,6
24,2,54,23,45,14,5,8
24,3,54,42,61,10,6,11
24,4,52,32,48,12,9,8
24,5,66,43,99,14,9,10
24,6,48,19,39,9,9,6
24,7,62,34,65,15,8,8
24,8,50,16,39,9,5,11
24,9,47,36,28,10,6,9
24,10,44,23,39,9,5,8
24,11,52,9,7,12,6,10
24,12,58,45,58,10,7,12
24,13,58,38,44,9,10,10
24,14,38,36,36,8,9,12
24,15,32,16,10,9,5,7
24,16,43,34,54,5,13,10
24,17,35,36,59,12,5,4
24,18,56,56,57,11,6,11
24,19,41,22,50,6,6,10
24,20,44,40,47,10,3,9
24,21,29,30,38,9,9,7
24,22,47,38,66,15,6,7
24,23,36,32,32,14,6,12
24,24,58,43,25,8,8,15
24,25,36,36,23,8,6,4
24,26,51,47,36,7,7,13
24,27,34,32,28,9,11,3
24,28,50,20,33,12,9,8
24,29,41,42,6,11,7,11
24,30,30,16,4,6,5,12
24,31,56,40,44,9,8,11
24,32,56,33,62,12,5,11
24,33,46,24,45,8,8,7
24,34,60,60,90,12,6,12
24,35,48,27,56,8,5,11
24,36,60,34,52,11,5,14
24,37,64,59,55,15,6,11
24,38,56,36,63,13,7,8
24,39,56,42,40,11,6,11
24,40,60,60,20,10,7,13
24,41,54,54,86,12,4,11
24,42,26,44,36,9,6,7
24,43,62,27,59,13,6,12
24,44,56,47,47,11,5,12
24,45,40,13,24,8,5,7
24,46,26,8,22,4,6,3
24,47,38,27,36,5,7,7
24,48,37,32,31,7,5,10
24,49,36,42,36,6,5,14
24,50,48,38,52,10,5,9
24,51,45,44,62,5,7,14
24,52,44,31,51,5,11,6
24,53,46,19,57,10,9,11
24,54,45,36,48,14,7,9
24,55,51,32,23,10,10,12
24,56,49,39,59,10,13,6
24,57,28,6,26,6,6,5
24,58,38,24,53,5,8,10
24,59,40,35,50,9,3,11
24,60,47,52,31,8,10,8
25,1,42,6,39,5,4,12
25,2,52,24,36,10,3,13
25,3,46,41,53,7,7,9
25,4,52,34,47,14,3,9
25,5,40,32,57,6,5,9
25,6,54,24,59,10,6,11
25,7,40,31,10,9,4,7
25,8,48,39,57,7,6,11
25,9,39,32,35,11,4,9
25,10,48,38,58,7,5,12
25,11,46,38,43,11,5,7
25,12,48,34,57,8,6,10
25,13,48,30,46,9,3,12
25,14,52,14,50,9,3,14
25,15,42,22,57,6,4,11
25,16,33,44,33,7,8,7
25,17,40,32,39,5,9,6
25,18,46,29,23,10,6,7
25,19,23,13,24,6,4,6
25,20,50,31,52,10,5,10
25,21,44,20,36,6,6,10
25,22,26,21,30,5,5,5
25,23,25,27,30,4,6,5
25,24,27,27,30,5,5,7
25,25,36,32,34,6,7,5
25,26,41,56,37,12,7,9
25,27,30,30,45,9,3,3
25,28,34,34,42,6,6,5
25,29,32,20,19,7,5,4
25,30,36,22,56,6,3,9
25,31,40,35,69,5,7,8
25,32,40,32,56,5,3,12
25,33,42,38,64,7,4,10
25,34,40,40,66,5,5,10
25,35,48,48,55,6,6,12
25,36,40,33,53,9,5,6
25,37,38,38,57,5,6,8
25,38,34,42,49,8,4,9
25,39,32,28,50,7,3,6
25,40,17,27,33,6,3,7
25,41,45,28,55,6,8,11
25,42,46,46,65,11,7,5
25,43,40,40,80,5,3,12
25,44,50,52,67,7,5,14
25,45,36,36,46,5,6,7
25,46,36,32,46,8,6,8
25,47,44,34,53,7,6,9
25,48,42,33,47,11,4,6
25,49,41,32,54,7,4,13
25,50,34,35,48,11,3,7
25,51,38,26,29,7,3,9
25,52,30,20,31,5,6,4
25,53,42,39,42,5,6,10
25,54,47,52,43,8,8,10
25,55,42,32,54,11,4,6
25,56,42,26,42,7,3,11
25,57,38,39,45,9,7,7
25,58,38,25,46,7,7,7
25,59,42,21,40,6,5,10
25,60,34,34,29,7,4,6
26,1,27,21,23,5,4,7
26,2,24,30,15,5,3,7
26,3,30,22,52,8,4,11
26,4,42,23,38,7,5,11
26,5,30,14,26,7,5,3
26,6,48,7,21,8,4,12
26,7,34,17,31,7,6,7
26,8,38,20,32,9,3,7
26,9,49,40,67,12,4,14
26,10,46,19,39,7,7,9
26,11,46,30,40,6,5,12
26,12,41,52,62,10,5,14
26,13,34,15,27,6,4,7
26,14,40,35,48,7,5,8
26,15,52,32,65,10,4,12
26,16,40,20,36,9,6,5
26,17,54,54,58,9,5,13
26,18,32,22,47,5,3,8
26,19,30,31,28,6,3,12
26,20,48,28,46,11,3,10
26,21,58,48,106,9,5,15
26,22,33,27,25,5,3,11
26,23,46,31,57,6,3,14
26,24,32,22,40,6,3,7
26,25,31,29,42,6,3,9
26,26,34,16,43,7,3,7
26,27,28,24,38,5,3,6
26,28,54,24,65,12,4,11
26,29,44,14,29,10,3,9
26,30,35,27,54,8,3,8
26,31,52,26,28,8,7,11
26,32,50,41,60,12,3,10
26,33,41,43,50,7,4,14
26,34,35,18,27,5,6,10
26,35,50,18,55,9,8,8
26,36,26,22,18,7,4,4
26,37,40,29,37,5,7,8
26,38,44,37,54,5,9,8
26,39,28,30,29,7,7,7
26,40,14,25,25,10,3,10
26,41,18,18,31,6,4,8
26,42,34,21,41,8,4,5
26,43,13,3,10,3,3,1
26,44,28,16,22,10,6,7
26,45,42,26,41,9,5,7
26,46,64,9,35,6,4,22
26,47,58,23,67,6,4,19
26,48,28,23,31,5,3,9
26,49,50,25,57,11,3,11
26,50,50,25,58,14,3,8
26,51,27,27,27,5,3,8
26,52,60,20,51,14,5,11
26,53,28,17,31,11,6,3
26,54,34,18,25,9,5,6
26,55,38,12,45,6,5,8
26,56,34,17,20,6,3,8
26,57,16,18,16,3,2,4
26,58,13,14,19,3,4,1
26,59,18,16,30,7,3,3
26,60,18,16,31,3,6,4
27,1,50,50,100,7,6,12
27,2,46,40,56,8,6,9
27,3,34,34,44,4,6,7
27,4,20,13,25,3,4,5
27,5,17,22,26,3,6,2
27,6,54,38,85,6,5,16
27,7,33,25,50,5,6,9
27,8,28,12,37,4,4,6
27,9,40,28,43,3,6,11
27,10,38,31,57,5,6,8
27,11,37,24,53,9,5,10
27,12,46,12,38,4,6,13
27,13,30,11,28,3,4,8
27,14,50,44,67,11,7,7
27,15,31,36,52,4,5,9
27,16,34,21,55,6,5,6
27,17,40,7,34,7,7,6
27,18,32,25,52,4,4,8
27,19,32,16,39,5,5,6
27,20,42,37,72,9,5,7
27,21,24,5,17,4,5,3
27,22,36,32,60,7,6,5
27,23,34,18,41,5,5,8
27,24,11,12,16,1,3,3
27,25,20,15,24,2,5,5
27,26,27,12,36,4,5,6
27,27,33,40,63,5,10,5
27,28,40,20,60,7,6,7
27,29,46,15,51,5,6,12
27,30,34,19,31,5,10,2
27,31,46,46,84,5,7,11
27,32,40,19,59,6,5,9
27,33,46,38,84,9,6,8
27,34,42,36,65,7,5,9
27,35,30,20,35,5,5,5
27,36,38,32,56,5,7,7
27,37,40,30,70,5,5,10
27,38,20,13,21,4,2,4
27,39,30,22,32,6,5,4
27,40,28,28,56,0,4,10
27,41,32,10,38,5,5,6
27,42,22,6,25,4,4,3
27,43,30,25,41,5,6,4
27,44,13,6,4,2,3,2
27,45,36,26,50,4,4,10
27,46,42,34,42,8,4,9
27,47,39,52,91,7,5,17
27,48,26,5,27,4,4,5
27,49,54,27,66,7,8,12
27,50,28,5,25,4,4,6
27,51,46,34,64,8,5,10
27,52,28,18,46,6,5,3
27,53,42,23,50,5,6,10
27,54,30,24,39,6,5,4
27,55,39,34,51,9,5,9
27,56,50,40,63,9,7,9
27,57,46,36,62,10,5,8
27,58,54,54,90,10,7,10
27,59,46,31,48,7,6,10
27,60,46,22,58,5,5,13
28,1,23,3,15,5,6,2
28,2,36,20,34,8,4,6
28,3,13,22,0,8,5,7
28,4,24,14,23,6,6,7
28,5,28,27,28,7,4,4
28,6,19,12,31,7,8,4
28,7,13,8,18,5,4,4
28,8,42,22,25,10,8,3
28,9,33,27,13,9,6,4
28,10,29,17,17,10,4,5
28,11,28,38,48,8,6,5
28,12,20,7,17,10,3,3
28,13,25,25,19,8,5,12
28,14,20,16,20,3,9,0
28,15,20,22,24,7,4,6
28,16,40,30,36,11,5,4
28,17,32,32,45,9,3,9
28,18,22,24,22,7,3,9
28,19,26,28,26,8,4,4
28,20,37,28,10,10,5,6
28,21,38,8,25,6,3,10
28,22,32,13,32,4,5,7
28,23,48,25,58,11,4,13
28,24,40,39,38,9,7,8
28,25,33,28,27,3,6,11
28,26,37,22,22,10,5,7
28,27,27,30,35,5,7,3
28,28,33,46,49,8,5,10
28,29,33,38,34,8,5,6
28,30,36,46,58,5,10,8
28,31,34,21,51,7,7,3
28,32,29,21,32,7,4,7
28,33,36,16,48,5,3,10
28,34,26,10,15,6,5,4
28,35,32,28,42,3,10,3
28,36,54,32,59,6,7,14
28,37,34,18,19,5,4,8
28,38,46,26,59,8,5,10
28,39,28,5,14,9,4,7
28,40,36,19,27,8,3,7
28,41,56,34,42,12,7,9
28,42,32,18,40,8,5,5
28,43,33,30,45,10,3,9
28,44,24,22,21,7,6,4
28,45,26,24,14,5,7,7
28,46,37,29,57,7,8,5
28,47,28,34,41,6,6,11
28,48,30,25,25,8,5,2
28,49,35,23,31,7,7,6
28,50,26,30,33,5,7,6
28,51,38,29,55,7,6,6
28,52,41,43,84,5,8,10
28,53,32,13,21,9,4,7
28,54,42,30,39,8,7,6
28,55,42,14,56,6,7,8
28,56,30,16,33,6,6,3
28,57,54,38,35,8,5,14
28,58,38,19,57,8,8,3
28,59,23,30,23,2,4,9
28,60,36,36,24,10,5,6
29,1,50,12,37,8,5,12
29,2,50,40,40,4,7,14
29,3,33,32,37,6,3,12
29,4,22,20,36,2,12,12
29,5,56,43,57,10,5,13
29,6,14,16,30,3,5,5
29,7,6,17,11,6,6,1
29,8,12,22,19,7,4,4
29,9,26,18,31,7,5,4
29,10,19,13,19,4,8,2
29,11,48,18,41,5,6,13
29,12,34,8,33,5,3,9
29,13,34,19,35,6,7,4
29,14,24,23,30,6,6,6
29,15,26,9,26,7,4,2
29,16,39,36,55,9,7,6
29,17,52,26,48,4,9,13
29,18,27,19,32,9,5,2
29,19,18,18,22,5,4,5
29,20,22,11,17,4,4,3
29,21,41,45,67,7,9,9
29,22,16,13,13,5,5,3
29,23,24,18,23,3,5,4
29,24,28,19,32,4,6,4
29,25,34,24,42,5,6,6
29,26,34,32,44,7,5,8
29,27,44,18,31,7,7,8
29,28,18,6,19,3,5,1
29,29,58,36,55,7,4,18
29,30,47,24,37,10,5,10
29,31,56,18,26,9,11,8
29,32,28,14,25,5,7,2
29,33,25,21,25,6,6,3
29,34,28,20,16,2,6,8
29,35,32,6,30,8,4,4
29,36,34,18,39,6,6,5
29,37,44,21,32,6,3,13
29,38,40,20,50,8,8,4
29,39,23,7,22,5,3,6
29,40,34,25,40,6,6,5
29,41,36,31,19,8,7,5
29,42,33,25,31,3,10,8
29,43,24,25,23,9,6,4
29,44,56,28,35,4,8,16
29,45,30,18,34,5,4,6
29,46,50,43,58,9,11,5
29,47,38,32,46,7,6,6
29,48,24,15,22,1,6,5
29,49,18,10,24,0,5,4
29,50,18,11,11,2,3,4
29,51,34,13,29,5,6,6
29,52,23,19,21,5,6,8
29,53,34,20,31,4,4,9
29,54,34,47,58,12,5,11
29,55,44,29,37,10,6,6
29,56,34,34,33,5,7,5
29,57,46,36,31,11,4,8
29,58,38,23,33,10,6,7
29,59,25,22,13,5,4,6
29,60,30,16,32,4,5,6
